id;token;auth;jhi_key;account
1;mobile partnerships;generate;exploit;43981347
2;Guarani;Lead haptic;eyeballs;95499938
3;Markets e-tailers;wireless invoice overriding;deposit;83883157
4;Shilling SSL middleware;withdrawal expedite RSS;value-added Granite Organized;99628977
5;Route;Gibraltar Horizontal Future-proofed;Configuration mobile;86227651
6;backing Virginia;SAS;input invoice New;11613845
7;open-source;Towels Officer;Malaysia didactic microchip;86563208
8;Incredible Maryland Pre-emptive;challenge Licensed Handmade;Specialist;27761116
9;Azerbaijanian Cliffs;programming Bypass Incredible;Incredible calculating FTP;27682944
10;Practical unleash Account;web-readiness Direct Tactics;asymmetric;48631263
